timestamp,open,high,low,close
2023-01-01T00:00:00+00:00,100.00000,100.31128,99.66609,99.92795
2023-01-01T01:00:00+00:00,99.92795,100.67706,99.14980,99.84157
2023-01-01T02:00:00+00:00,99.84157,100.45832,99.76338,100.00746
2023-01-01T03:00:00+00:00,100.00746,100.26519,99.34436,99.87378
2023-01-01T04:00:00+00:00,99.87378,100.87042,99.30680,100.20169
2023-01-01T05:00:00+00:00,100.20169,100.51714,99.59065,100.25705
2023-01-01T06:00:00+00:00,100.25705,101.09573,99.54199,100.27793
2023-01-01T07:00:00+00:00,100.27793,100.65221,100.02647,100.22462
2023-01-01T08:00:00+00:00,100.22462,100.80133,100.08242,100.66231
2023-01-01T09:00:00+00:00,100.66231,101.52309,99.91428,100.54120
2023-01-01T10:00:00+00:00,100.54120,101.39090,99.56146,100.82686
2023-01-01T11:00:00+00:00,100.82686,101.23985,99.48853,100.06334
2023-01-01T12:00:00+00:00,100.06334,101.26774,99.46447,100.39568
2023-01-01T13:00:00+00:00,100.39568,101.11787,99.69040,99.78373
2023-01-01T14:00:00+00:00,99.78373,99.96642,99.51317,99.84082
2023-01-01T15:00:00+00:00,99.84082,100.39580,99.52724,100.24948
2023-01-01T16:00:00+00:00,100.24948,100.65216,99.68634,99.93521
2023-01-01T17:00:00+00:00,99.93521,100.23864,98.64091,99.57676
2023-01-01T18:00:00+00:00,99.57676,99.78844,98.43235,99.16884
2023-01-01T19:00:00+00:00,99.16884,99.37237,98.21914,98.62397
2023-01-01T20:00:00+00:00,98.62397,99.90254,97.93323,99.32733
2023-01-01T21:00:00+00:00,99.32733,100.17232,98.49910,99.28063
2023-01-01T22:00:00+00:00,99.28063,99.64450,98.97847,99.29728
2023-01-01T23:00:00+00:00,99.29728,99.67200,98.35816,99.42301
2023-01-02T00:00:00+00:00,99.42301,100.40206,98.99961,99.73120
2023-01-02T01:00:00+00:00,99.73120,100.64755,98.94419,99.42732
2023-01-02T02:00:00+00:00,99.42732,100.00728,99.09461,99.39239
2023-01-02T03:00:00+00:00,99.39239,100.36870,98.49495,99.76477
2023-01-02T04:00:00+00:00,99.76477,100.76008,98.95028,99.48157
2023-01-02T05:00:00+00:00,99.48157,99.82431,99.38730,99.68837
2023-01-02T06:00:00+00:00,99.68837,101.03336,99.23872,100.22905
2023-01-02T07:00:00+00:00,100.22905,100.78785,99.81557,100.67675
2023-01-02T08:00:00+00:00,100.67675,102.27948,99.80314,101.29437
2023-01-02T09:00:00+00:00,101.29437,101.35607,100.53514,101.27923
2023-01-02T10:00:00+00:00,101.27923,101.58659,100.35217,101.01779
2023-01-02T11:00:00+00:00,101.01779,101.17535,99.98272,100.44782
2023-01-02T12:00:00+00:00,100.44782,101.33383,98.95658,99.25457
2023-01-02T13:00:00+00:00,99.25457,100.13089,99.03648,99.60740
2023-01-02T14:00:00+00:00,99.60740,100.80153,98.95298,100.46645
2023-01-02T15:00:00+00:00,100.46645,101.09790,99.74137,99.93644
2023-01-02T16:00:00+00:00,99.93644,100.77488,99.38296,99.98530
2023-01-02T17:00:00+00:00,99.98530,100.03583,99.00907,99.36474
2023-01-02T18:00:00+00:00,99.36474,101.38841,98.53000,100.49921
2023-01-02T19:00:00+00:00,100.49921,100.98466,100.39365,100.64033
2023-01-02T20:00:00+00:00,100.64033,101.65214,100.12536,101.51878
2023-01-02T21:00:00+00:00,101.51878,101.63629,99.88784,100.66555
2023-01-02T22:00:00+00:00,100.66555,101.19675,100.08943,100.69176
2023-01-02T23:00:00+00:00,100.69176,100.99565,99.54655,100.42913
2023-01-03T00:00:00+00:00,100.42913,100.99388,99.37797,100.12231
2023-01-03T01:00:00+00:00,100.12231,100.52448,99.77576,100.28270
2023-01-03T02:00:00+00:00,100.28270,101.47970,99.73947,101.00880
2023-01-03T03:00:00+00:00,101.00880,101.17542,100.72044,100.98650
2023-01-03T04:00:00+00:00,100.98650,101.25776,100.37206,100.63291
2023-01-03T05:00:00+00:00,100.63291,101.32204,99.97925,101.20318
2023-01-03T06:00:00+00:00,101.20318,102.22650,101.08446,101.34817
2023-01-03T07:00:00+00:00,101.34817,102.72191,100.65339,102.43908
2023-01-03T08:00:00+00:00,102.43908,103.46208,101.83213,102.49988
2023-01-03T09:00:00+00:00,102.49988,103.27890,101.68461,102.76606
2023-01-03T10:00:00+00:00,102.76606,103.03029,102.29385,102.88410
2023-01-03T11:00:00+00:00,102.88410,103.34955,102.06496,102.57133
2023-01-03T12:00:00+00:00,102.57133,103.58161,102.32372,102.47076
2023-01-03T13:00:00+00:00,102.47076,102.91393,101.33222,101.71092
2023-01-03T14:00:00+00:00,101.71092,102.19436,101.22659,101.95915
2023-01-03T15:00:00+00:00,101.95915,102.41877,101.34486,101.66472
2023-01-03T16:00:00+00:00,101.66472,102.14494,100.78198,101.66612
2023-01-03T17:00:00+00:00,101.66612,103.40695,101.56643,102.81800
2023-01-03T18:00:00+00:00,102.81800,104.80298,101.86175,103.79559
2023-01-03T19:00:00+00:00,103.79559,104.68435,103.57526,103.79114
2023-01-03T20:00:00+00:00,103.79114,104.23847,103.32337,103.43271
2023-01-03T21:00:00+00:00,103.43271,103.88925,102.41281,103.46502
2023-01-03T22:00:00+00:00,103.46502,103.96399,102.91150,103.37863
2023-01-03T23:00:00+00:00,103.37863,105.28004,102.34934,104.27952
2023-01-04T00:00:00+00:00,104.27952,104.48501,103.15639,103.49988
2023-01-04T01:00:00+00:00,103.49988,104.50411,102.59753,103.21706
2023-01-04T02:00:00+00:00,103.21706,103.32472,101.77073,102.39016
2023-01-04T03:00:00+00:00,102.39016,102.93048,101.28872,102.16745
2023-01-04T04:00:00+00:00,102.16745,103.01142,101.93600,102.88168
2023-01-04T05:00:00+00:00,102.88168,104.61534,102.17031,103.97560
2023-01-04T06:00:00+00:00,103.97560,104.93159,103.68041,103.99999
2023-01-04T07:00:00+00:00,103.99999,104.90265,103.33604,104.26165
2023-01-04T08:00:00+00:00,104.26165,104.83159,102.68622,103.65851
2023-01-04T09:00:00+00:00,103.65851,104.24577,102.90141,103.99199
2023-01-04T10:00:00+00:00,103.99199,104.74489,103.64362,104.02906
2023-01-04T11:00:00+00:00,104.02906,104.91618,103.23399,104.54987
2023-01-04T12:00:00+00:00,104.54987,106.11875,103.50825,105.06960
2023-01-04T13:00:00+00:00,105.06960,105.45162,104.80430,105.32565
2023-01-04T14:00:00+00:00,105.32565,106.25970,104.27738,105.20880
2023-01-04T15:00:00+00:00,105.20880,106.85404,104.99853,106.42721
2023-01-04T16:00:00+00:00,106.42721,107.51826,105.37585,106.84397
2023-01-04T17:00:00+00:00,106.84397,107.56119,106.06265,106.12360
2023-01-04T18:00:00+00:00,106.12360,107.02990,105.12394,106.30678
2023-01-04T19:00:00+00:00,106.30678,106.49556,105.72860,105.89767
2023-01-04T20:00:00+00:00,105.89767,106.75202,105.23625,106.42345
2023-01-04T21:00:00+00:00,106.42345,107.62606,106.16440,106.84425
2023-01-04T22:00:00+00:00,106.84425,107.39354,105.59632,106.56615
2023-01-04T23:00:00+00:00,106.56615,107.47601,106.10824,106.25454
2023-01-05T00:00:00+00:00,106.25454,106.31125,105.04675,105.87530
2023-01-05T01:00:00+00:00,105.87530,106.76717,105.55888,106.07212
2023-01-05T02:00:00+00:00,106.07212,106.55613,105.97237,106.03512
2023-01-05T03:00:00+00:00,106.03512,106.16394,104.42794,105.36458
2023-01-05T04:00:00+00:00,105.36458,106.80200,104.72882,105.90933
2023-01-05T05:00:00+00:00,105.90933,106.11128,105.35125,105.53179
2023-01-05T06:00:00+00:00,105.53179,106.38271,104.21523,105.12738
2023-01-05T07:00:00+00:00,105.12738,107.13816,104.86501,106.17833
2023-01-05T08:00:00+00:00,106.17833,107.01906,105.23342,106.17906
2023-01-05T09:00:00+00:00,106.17906,106.89042,105.49991,106.42633
2023-01-05T10:00:00+00:00,106.42633,108.05215,105.38613,107.11875
2023-01-05T11:00:00+00:00,107.11875,109.02505,106.16823,108.13806
2023-01-05T12:00:00+00:00,108.13806,109.40904,107.12776,109.01052
2023-01-05T13:00:00+00:00,109.01052,110.03503,108.06119,109.14861
2023-01-05T14:00:00+00:00,109.14861,110.18106,108.98195,109.30877
2023-01-05T15:00:00+00:00,109.30877,110.26911,107.96638,108.90917
2023-01-05T16:00:00+00:00,108.90917,109.61355,108.53895,109.08201
2023-01-05T17:00:00+00:00,109.08201,110.95820,108.79162,110.07149
2023-01-05T18:00:00+00:00,110.07149,110.82764,109.11261,110.42806
2023-01-05T19:00:00+00:00,110.42806,111.55171,110.08002,110.48164
2023-01-05T20:00:00+00:00,110.48164,111.56668,109.51387,110.12994
2023-01-05T21:00:00+00:00,110.12994,111.16767,109.52298,109.69803
2023-01-05T22:00:00+00:00,109.69803,111.09732,109.36653,110.03613
2023-01-05T23:00:00+00:00,110.03613,110.20446,109.46333,109.97232
2023-01-06T00:00:00+00:00,109.97232,110.66063,109.31925,109.90820
2023-01-06T01:00:00+00:00,109.90820,110.36534,108.78155,109.43571
2023-01-06T02:00:00+00:00,109.43571,109.49219,108.39347,109.41021
2023-01-06T03:00:00+00:00,109.41021,110.88833,108.60774,110.26914
2023-01-06T04:00:00+00:00,110.26914,110.70582,110.09921,110.22760
2023-01-06T05:00:00+00:00,110.22760,110.97828,109.00936,109.40726
2023-01-06T06:00:00+00:00,109.40726,110.21005,108.62673,108.99219
2023-01-06T07:00:00+00:00,108.99219,110.34395,108.51484,109.96587
2023-01-06T08:00:00+00:00,109.96587,110.15382,109.09688,109.58940
2023-01-06T09:00:00+00:00,109.58940,110.88973,108.82945,109.85343
2023-01-06T10:00:00+00:00,109.85343,110.84669,109.22667,110.47560
2023-01-06T11:00:00+00:00,110.47560,110.53127,109.68270,110.03765
2023-01-06T12:00:00+00:00,110.03765,110.77707,108.84427,109.38215
2023-01-06T13:00:00+00:00,109.38215,110.20492,109.10539,109.68932
2023-01-06T14:00:00+00:00,109.68932,110.57367,108.29684,108.52605
2023-01-06T15:00:00+00:00,108.52605,108.86376,107.94036,108.72181
2023-01-06T16:00:00+00:00,108.72181,109.62149,107.56457,108.39223
2023-01-06T17:00:00+00:00,108.39223,109.13922,107.74455,108.02911
2023-01-06T18:00:00+00:00,108.02911,108.37225,107.48747,108.06685
2023-01-06T19:00:00+00:00,108.06685,109.10831,107.93805,108.18093
2023-01-06T20:00:00+00:00,108.18093,108.43485,106.76089,107.52597
2023-01-06T21:00:00+00:00,107.52597,108.47485,107.22298,107.91406
2023-01-06T22:00:00+00:00,107.91406,108.73790,107.03924,107.88239
2023-01-06T23:00:00+00:00,107.88239,108.04557,107.34568,107.83513
2023-01-07T00:00:00+00:00,107.83513,109.03249,107.72977,108.44466
2023-01-07T01:00:00+00:00,108.44466,109.97888,107.51646,109.66443
2023-01-07T02:00:00+00:00,109.66443,110.41475,107.64052,108.71516
2023-01-07T03:00:00+00:00,108.71516,109.65018,107.67961,108.97922
2023-01-07T04:00:00+00:00,108.97922,110.36515,108.40213,109.56172
2023-01-07T05:00:00+00:00,109.56172,110.48099,108.46372,109.08603
2023-01-07T06:00:00+00:00,109.08603,110.35477,108.76288,109.80472
2023-01-07T07:00:00+00:00,109.80472,110.11752,108.54298,109.25948
2023-01-07T08:00:00+00:00,109.25948,110.03085,108.91982,109.32526
2023-01-07T09:00:00+00:00,109.32526,109.46039,108.31573,108.66502
2023-01-07T10:00:00+00:00,108.66502,109.27696,108.40309,108.60015
2023-01-07T11:00:00+00:00,108.60015,109.36652,107.82990,109.07235
2023-01-07T12:00:00+00:00,109.07235,109.54924,108.40214,109.01861
2023-01-07T13:00:00+00:00,109.01861,109.50373,108.55914,108.82740
2023-01-07T14:00:00+00:00,108.82740,109.48567,107.02653,107.79266
2023-01-07T15:00:00+00:00,107.79266,109.29097,106.95477,108.35490
2023-01-07T16:00:00+00:00,108.35490,108.77117,107.48240,108.31185
2023-01-07T17:00:00+00:00,108.31185,109.28473,107.27665,108.35207
2023-01-07T18:00:00+00:00,108.35207,108.96840,106.89682,107.56706
2023-01-07T19:00:00+00:00,107.56706,108.28203,107.28905,108.00176
2023-01-07T20:00:00+00:00,108.00176,108.40063,107.13123,107.88120
2023-01-07T21:00:00+00:00,107.88120,108.40110,107.65811,107.93256
2023-01-07T22:00:00+00:00,107.93256,108.62456,107.57504,107.65645
2023-01-07T23:00:00+00:00,107.65645,108.17073,107.02540,107.71368
2023-01-08T00:00:00+00:00,107.71368,108.66932,107.18738,108.47524
2023-01-08T01:00:00+00:00,108.47524,108.71330,108.03033,108.60712
2023-01-08T02:00:00+00:00,108.60712,109.56299,108.16164,108.72238
2023-01-08T03:00:00+00:00,108.72238,110.02674,107.80876,109.19207
2023-01-08T04:00:00+00:00,109.19207,109.26677,108.57471,109.18884
2023-01-08T05:00:00+00:00,109.18884,110.50857,108.77124,109.41452
2023-01-08T06:00:00+00:00,109.41452,110.14669,108.02021,108.85461
2023-01-08T07:00:00+00:00,108.85461,109.89105,107.82768,108.08643
2023-01-08T08:00:00+00:00,108.08643,108.57882,107.34497,108.39465
2023-01-08T09:00:00+00:00,108.39465,109.06962,108.11600,108.43445
2023-01-08T10:00:00+00:00,108.43445,108.66151,107.46761,108.14556
2023-01-08T11:00:00+00:00,108.14556,108.96804,107.09852,107.26887
2023-01-08T12:00:00+00:00,107.26887,108.01866,107.18907,107.85397
2023-01-08T13:00:00+00:00,107.85397,108.22754,105.85023,106.58941
2023-01-08T14:00:00+00:00,106.58941,107.88785,106.45916,107.10676
2023-01-08T15:00:00+00:00,107.10676,107.86302,106.27602,106.96690
2023-01-08T16:00:00+00:00,106.96690,108.62881,106.30328,107.70494
2023-01-08T17:00:00+00:00,107.70494,108.43717,106.64442,108.25854
2023-01-08T18:00:00+00:00,108.25854,108.85550,107.82330,108.36034
2023-01-08T19:00:00+00:00,108.36034,108.93537,107.46681,107.87043
2023-01-08T20:00:00+00:00,107.87043,108.62056,106.83191,108.45759
2023-01-08T21:00:00+00:00,108.45759,109.16670,106.73922,107.64046
2023-01-08T22:00:00+00:00,107.64046,108.44465,106.44830,107.48792
2023-01-08T23:00:00+00:00,107.48792,107.81746,106.05925,106.93375
2023-01-09T00:00:00+00:00,106.93375,107.42970,105.54509,106.33674
2023-01-09T01:00:00+00:00,106.33674,106.66104,105.27923,106.19155
2023-01-09T02:00:00+00:00,106.19155,107.24485,105.89244,106.30137
2023-01-09T03:00:00+00:00,106.30137,106.82382,105.43530,106.10356
2023-01-09T04:00:00+00:00,106.10356,107.01436,105.77465,106.01079
2023-01-09T05:00:00+00:00,106.01079,106.36580,105.15428,106.09894
2023-01-09T06:00:00+00:00,106.09894,106.85874,105.18159,105.51126
2023-01-09T07:00:00+00:00,105.51126,106.49133,104.50821,106.42785
2023-01-09T08:00:00+00:00,106.42785,107.70804,105.60808,107.15710
2023-01-09T09:00:00+00:00,107.15710,108.35486,106.44599,107.59515
2023-01-09T10:00:00+00:00,107.59515,107.74406,106.36419,106.64201
2023-01-09T11:00:00+00:00,106.64201,107.45111,106.27848,106.69656
2023-01-09T12:00:00+00:00,106.69656,107.28806,105.68783,106.17008
2023-01-09T13:00:00+00:00,106.17008,106.97553,105.48972,105.87537
2023-01-09T14:00:00+00:00,105.87537,106.18118,105.57844,105.75253
2023-01-09T15:00:00+00:00,105.75253,105.99889,105.17817,105.35050
2023-01-09T16:00:00+00:00,105.35050,105.58848,104.21329,104.48030
2023-01-09T17:00:00+00:00,104.48030,105.01314,103.51249,104.28247
2023-01-09T18:00:00+00:00,104.28247,105.24602,104.13074,104.91151
2023-01-09T19:00:00+00:00,104.91151,105.15744,104.53889,104.81782
2023-01-09T20:00:00+00:00,104.81782,105.44027,104.49226,104.85577
2023-01-09T21:00:00+00:00,104.85577,105.95945,104.25213,104.93572
2023-01-09T22:00:00+00:00,104.93572,105.85395,104.30592,104.84728
2023-01-09T23:00:00+00:00,104.84728,105.76898,103.96693,104.58962
2023-01-10T00:00:00+00:00,104.58962,104.82510,103.93366,104.03645
2023-01-10T01:00:00+00:00,104.03645,105.12670,103.51227,104.14358
2023-01-10T02:00:00+00:00,104.14358,104.49990,103.46875,104.37425
2023-01-10T03:00:00+00:00,104.37425,104.47960,103.70023,103.89944
2023-01-10T04:00:00+00:00,103.89944,104.93244,103.32312,103.49133
2023-01-10T05:00:00+00:00,103.49133,104.29465,102.67513,103.32193
2023-01-10T06:00:00+00:00,103.32193,103.98059,102.82806,103.41548
2023-01-10T07:00:00+00:00,103.41548,103.90214,102.16403,103.05770
2023-01-10T08:00:00+00:00,103.05770,104.15909,102.40932,103.49673
2023-01-10T09:00:00+00:00,103.49673,104.27615,102.48591,103.46908
2023-01-10T10:00:00+00:00,103.46908,104.26399,103.26297,103.56245
2023-01-10T11:00:00+00:00,103.56245,104.13003,103.43682,103.90650
2023-01-10T12:00:00+00:00,103.90650,105.11655,103.56704,104.47495
2023-01-10T13:00:00+00:00,104.47495,104.76657,103.72105,104.48456
2023-01-10T14:00:00+00:00,104.48456,105.21910,103.34947,104.31724
2023-01-10T15:00:00+00:00,104.31724,105.15015,103.10019,103.76826
2023-01-10T16:00:00+00:00,103.76826,104.23924,102.54318,103.12826
2023-01-10T17:00:00+00:00,103.12826,103.81433,101.17710,102.10935
2023-01-10T18:00:00+00:00,102.10935,102.41255,101.75990,102.20036
2023-01-10T19:00:00+00:00,102.20036,102.97863,101.42331,102.02602
2023-01-10T20:00:00+00:00,102.02602,102.74453,101.23409,101.96287
2023-01-10T21:00:00+00:00,101.96287,103.18442,101.42710,102.21791
2023-01-10T22:00:00+00:00,102.21791,102.30772,101.53908,102.00875
2023-01-10T23:00:00+00:00,102.00875,102.38028,101.71512,102.01689
2023-01-11T00:00:00+00:00,102.01689,103.98249,101.40843,103.11206
2023-01-11T01:00:00+00:00,103.11206,104.81728,102.08136,103.82755
2023-01-11T02:00:00+00:00,103.82755,103.91914,102.83814,103.63453
2023-01-11T03:00:00+00:00,103.63453,104.14957,102.58104,103.27187
2023-01-11T04:00:00+00:00,103.27187,104.18187,102.59745,103.55426
2023-01-11T05:00:00+00:00,103.55426,104.08978,103.24805,103.38936
2023-01-11T06:00:00+00:00,103.38936,104.09926,102.22876,103.12060
2023-01-11T07:00:00+00:00,103.12060,103.87571,102.38948,103.49968
2023-01-11T08:00:00+00:00,103.49968,104.35137,102.61214,103.20307
2023-01-11T09:00:00+00:00,103.20307,104.91431,102.84311,104.41097
2023-01-11T10:00:00+00:00,104.41097,104.86407,103.23685,103.79617
2023-01-11T11:00:00+00:00,103.79617,106.06696,103.09578,105.02853
2023-01-11T12:00:00+00:00,105.02853,105.26821,104.09413,104.50556
2023-01-11T13:00:00+00:00,104.50556,105.30881,103.69064,104.36288
2023-01-11T14:00:00+00:00,104.36288,104.98179,103.39096,104.38496
2023-01-11T15:00:00+00:00,104.38496,104.87162,103.29141,104.03352
2023-01-11T16:00:00+00:00,104.03352,105.70494,103.74500,105.04481
2023-01-11T17:00:00+00:00,105.04481,106.23360,104.44259,106.02107
2023-01-11T18:00:00+00:00,106.02107,107.07349,104.82862,105.79910
2023-01-11T19:00:00+00:00,105.79910,106.31580,105.55280,105.72364
2023-01-11T20:00:00+00:00,105.72364,106.80493,105.15968,106.03009
2023-01-11T21:00:00+00:00,106.03009,106.35852,104.59921,105.48846
2023-01-11T22:00:00+00:00,105.48846,106.48711,105.05131,105.87968
2023-01-11T23:00:00+00:00,105.87968,106.85989,105.26679,105.83069
2023-01-12T00:00:00+00:00,105.83069,106.93123,104.98350,106.59818
2023-01-12T01:00:00+00:00,106.59818,107.07168,104.87351,105.86605
2023-01-12T02:00:00+00:00,105.86605,106.20344,104.53613,104.88606
2023-01-12T03:00:00+00:00,104.88606,105.52333,103.79152,104.83881
2023-01-12T04:00:00+00:00,104.83881,105.42764,104.14708,104.54211
2023-01-12T05:00:00+00:00,104.54211,105.16192,103.95013,104.56140
2023-01-12T06:00:00+00:00,104.56140,104.80107,103.37673,104.11870
2023-01-12T07:00:00+00:00,104.11870,104.86413,103.83562,104.24574
2023-01-12T08:00:00+00:00,104.24574,105.06044,103.49520,104.27062
2023-01-12T09:00:00+00:00,104.27062,105.12652,103.68293,104.11687
2023-01-12T10:00:00+00:00,104.11687,105.13906,103.07929,103.61869
2023-01-12T11:00:00+00:00,103.61869,103.70694,102.25397,102.79589
2023-01-12T12:00:00+00:00,102.79589,103.70099,101.44311,101.92040
2023-01-12T13:00:00+00:00,101.92040,102.48061,100.87744,101.36814
2023-01-12T14:00:00+00:00,101.36814,102.04938,101.07929,101.27845
2023-01-12T15:00:00+00:00,101.27845,101.78081,99.78787,100.76605
2023-01-12T16:00:00+00:00,100.76605,101.43851,99.49501,100.35725
2023-01-12T17:00:00+00:00,100.35725,101.88023,99.48778,101.01180
2023-01-12T18:00:00+00:00,101.01180,101.75200,99.91374,100.69050
2023-01-12T19:00:00+00:00,100.69050,101.87870,100.60581,100.99123
2023-01-12T20:00:00+00:00,100.99123,102.57956,99.98379,101.63952
2023-01-12T21:00:00+00:00,101.63952,102.71282,101.16967,101.93867
2023-01-12T22:00:00+00:00,101.93867,103.42840,101.45803,102.52724
2023-01-12T23:00:00+00:00,102.52724,103.67876,101.59603,102.94854
2023-01-13T00:00:00+00:00,102.94854,104.16978,102.53047,103.82849
2023-01-13T01:00:00+00:00,103.82849,104.28833,103.25265,104.09233
2023-01-13T02:00:00+00:00,104.09233,104.31247,103.11826,103.24734
2023-01-13T03:00:00+00:00,103.24734,104.15313,102.22172,102.87883
2023-01-13T04:00:00+00:00,102.87883,103.13571,102.37669,102.94427
2023-01-13T05:00:00+00:00,102.94427,104.38257,102.64310,104.07941
2023-01-13T06:00:00+00:00,104.07941,105.96982,103.35738,105.01820
2023-01-13T07:00:00+00:00,105.01820,105.28443,104.52499,105.07420
2023-01-13T08:00:00+00:00,105.07420,105.76453,104.20482,104.67912
2023-01-13T09:00:00+00:00,104.67912,105.55658,103.78617,105.25387
2023-01-13T10:00:00+00:00,105.25387,105.95319,104.96406,105.41657
2023-01-13T11:00:00+00:00,105.41657,106.53820,104.78821,105.90981
2023-01-13T12:00:00+00:00,105.90981,107.39356,105.19458,106.35232
2023-01-13T13:00:00+00:00,106.35232,106.68282,105.70706,106.33190
2023-01-13T14:00:00+00:00,106.33190,106.43461,105.32349,105.98706
2023-01-13T15:00:00+00:00,105.98706,106.54019,104.22563,105.18168
2023-01-13T16:00:00+00:00,105.18168,105.84087,104.56550,104.96933
2023-01-13T17:00:00+00:00,104.96933,106.57842,104.29768,105.88510
2023-01-13T18:00:00+00:00,105.88510,106.60112,104.62114,105.51424
2023-01-13T19:00:00+00:00,105.51424,106.19674,103.80525,104.75669
2023-01-13T20:00:00+00:00,104.75669,105.24777,103.85619,104.48371
2023-01-13T21:00:00+00:00,104.48371,105.26289,103.98532,104.12654
2023-01-13T22:00:00+00:00,104.12654,104.35235,103.70261,103.88498
2023-01-13T23:00:00+00:00,103.88498,105.30130,102.87427,104.71236
2023-01-14T00:00:00+00:00,104.71236,105.59085,103.27107,103.57571
2023-01-14T01:00:00+00:00,103.57571,104.43896,102.83019,103.35498
2023-01-14T02:00:00+00:00,103.35498,104.03790,103.19022,103.65254
2023-01-14T03:00:00+00:00,103.65254,104.65253,102.65842,102.84737
2023-01-14T04:00:00+00:00,102.84737,104.61122,101.83849,103.84484
2023-01-14T05:00:00+00:00,103.84484,104.85100,102.78575,103.62966
2023-01-14T06:00:00+00:00,103.62966,103.69518,102.44366,103.02031
2023-01-14T07:00:00+00:00,103.02031,104.20060,102.31031,103.70071
2023-01-14T08:00:00+00:00,103.70071,104.56277,102.40337,103.37852
2023-01-14T09:00:00+00:00,103.37852,103.53661,102.49368,102.77335
2023-01-14T10:00:00+00:00,102.77335,104.43296,101.82836,103.82730
2023-01-14T11:00:00+00:00,103.82730,104.26681,103.71303,103.99611
2023-01-14T12:00:00+00:00,103.99611,104.85839,103.54073,104.50612
2023-01-14T13:00:00+00:00,104.50612,104.69714,102.50013,103.48213
2023-01-14T14:00:00+00:00,103.48213,103.62941,102.35804,103.28022
2023-01-14T15:00:00+00:00,103.28022,104.03279,102.78348,103.84703
2023-01-14T16:00:00+00:00,103.84703,104.83220,102.97332,103.43689
2023-01-14T17:00:00+00:00,103.43689,104.21800,102.48631,102.68840
2023-01-14T18:00:00+00:00,102.68840,103.21712,102.03807,102.48666
2023-01-14T19:00:00+00:00,102.48666,103.58473,102.40356,102.60593
2023-01-14T20:00:00+00:00,102.60593,103.58379,101.34256,102.22442
2023-01-14T21:00:00+00:00,102.22442,102.77466,101.50743,102.62648
2023-01-14T22:00:00+00:00,102.62648,103.02749,100.83136,101.26501
2023-01-14T23:00:00+00:00,101.26501,101.49825,100.71209,100.87960
2023-01-15T00:00:00+00:00,100.87960,101.88833,100.21418,101.20054
2023-01-15T01:00:00+00:00,101.20054,101.82524,100.67487,100.74569
2023-01-15T02:00:00+00:00,100.74569,101.00297,100.15496,100.83193
2023-01-15T03:00:00+00:00,100.83193,100.94806,99.68473,100.46525
2023-01-15T04:00:00+00:00,100.46525,101.43954,100.10143,100.55844
2023-01-15T05:00:00+00:00,100.55844,101.08841,99.64787,100.89652
2023-01-15T06:00:00+00:00,100.89652,102.08487,100.72148,101.89386
2023-01-15T07:00:00+00:00,101.89386,102.20544,101.67400,101.91181
2023-01-15T08:00:00+00:00,101.91181,101.97715,101.03477,101.85006
2023-01-15T09:00:00+00:00,101.85006,102.13120,101.38753,101.75138
2023-01-15T10:00:00+00:00,101.75138,102.59629,101.19197,101.82786
2023-01-15T11:00:00+00:00,101.82786,102.74971,101.31624,101.97634
2023-01-15T12:00:00+00:00,101.97634,102.24029,101.43724,102.08349
2023-01-15T13:00:00+00:00,102.08349,103.05139,101.38791,101.48046
2023-01-15T14:00:00+00:00,101.48046,102.24630,100.98814,101.69169
2023-01-15T15:00:00+00:00,101.69169,102.67386,100.58404,100.69257
2023-01-15T16:00:00+00:00,100.69257,101.39923,99.67007,100.18679
2023-01-15T17:00:00+00:00,100.18679,101.17017,100.06675,100.25364
2023-01-15T18:00:00+00:00,100.25364,100.96675,99.94158,100.85340
2023-01-15T19:00:00+00:00,100.85340,101.84817,100.27759,101.18900
2023-01-15T20:00:00+00:00,101.18900,101.74962,99.96151,100.44468
2023-01-15T21:00:00+00:00,100.44468,102.52756,100.29982,101.89058
2023-01-15T22:00:00+00:00,101.89058,102.57159,100.80009,101.59304
2023-01-15T23:00:00+00:00,101.59304,102.33954,100.38808,100.64398
2023-01-16T00:00:00+00:00,100.64398,101.01837,99.81592,100.29818
2023-01-16T01:00:00+00:00,100.29818,100.85344,100.15743,100.40644
2023-01-16T02:00:00+00:00,100.40644,100.81368,99.54660,99.74110
2023-01-16T03:00:00+00:00,99.74110,100.99616,99.62762,100.06869
2023-01-16T04:00:00+00:00,100.06869,100.31947,99.31632,100.17748
2023-01-16T05:00:00+00:00,100.17748,101.00012,99.40603,99.98449
2023-01-16T06:00:00+00:00,99.98449,100.34760,99.26974,99.43492
2023-01-16T07:00:00+00:00,99.43492,99.81866,98.42890,99.10487
2023-01-16T08:00:00+00:00,99.10487,99.83509,98.14357,99.10665
2023-01-16T09:00:00+00:00,99.10665,99.72150,97.73245,98.10925
2023-01-16T10:00:00+00:00,98.10925,98.77041,97.55254,97.80982
2023-01-16T11:00:00+00:00,97.80982,97.95928,96.81769,97.65075
2023-01-16T12:00:00+00:00,97.65075,98.23216,96.30013,97.09324
2023-01-16T13:00:00+00:00,97.09324,98.53527,96.14579,97.70197
2023-01-16T14:00:00+00:00,97.70197,98.63000,97.62875,97.98276
2023-01-16T15:00:00+00:00,97.98276,98.89657,96.55272,97.36865
2023-01-16T16:00:00+00:00,97.36865,98.06734,97.00067,97.33505
2023-01-16T17:00:00+00:00,97.33505,98.00424,97.28074,97.64021
2023-01-16T18:00:00+00:00,97.64021,98.49425,97.45979,98.07181
2023-01-16T19:00:00+00:00,98.07181,98.71076,97.53214,97.60937
2023-01-16T20:00:00+00:00,97.60937,98.04748,97.23619,97.60107
2023-01-16T21:00:00+00:00,97.60107,97.99299,96.54613,97.26150
2023-01-16T22:00:00+00:00,97.26150,97.49444,97.16426,97.36718
2023-01-16T23:00:00+00:00,97.36718,97.56146,96.12949,96.74571
2023-01-17T00:00:00+00:00,96.74571,97.40246,96.07463,96.56846
2023-01-17T01:00:00+00:00,96.56846,97.02228,95.92890,96.22673
2023-01-17T02:00:00+00:00,96.22673,96.67522,95.91968,96.23407
2023-01-17T03:00:00+00:00,96.23407,96.90248,95.50585,95.99764
2023-01-17T04:00:00+00:00,95.99764,96.40611,95.33072,95.92484
2023-01-17T05:00:00+00:00,95.92484,95.97981,95.47577,95.79798
2023-01-17T06:00:00+00:00,95.79798,96.14138,95.45147,95.86075
2023-01-17T07:00:00+00:00,95.86075,96.16861,95.13253,96.11349
2023-01-17T08:00:00+00:00,96.11349,97.01715,95.60866,96.32506
2023-01-17T09:00:00+00:00,96.32506,97.56004,95.53916,96.74574
2023-01-17T10:00:00+00:00,96.74574,97.69908,96.68014,97.61105
2023-01-17T11:00:00+00:00,97.61105,98.94281,96.76281,98.03587
2023-01-17T12:00:00+00:00,98.03587,98.74567,97.03168,97.46717
2023-01-17T13:00:00+00:00,97.46717,97.62255,97.10783,97.17568
2023-01-17T14:00:00+00:00,97.17568,97.79490,95.96687,96.78024
2023-01-17T15:00:00+00:00,96.78024,98.45716,96.65082,97.55596
2023-01-17T16:00:00+00:00,97.55596,98.35549,97.02158,97.75972
2023-01-17T17:00:00+00:00,97.75972,98.17615,97.12117,97.45717
2023-01-17T18:00:00+00:00,97.45717,97.66156,96.70318,97.22329
2023-01-17T19:00:00+00:00,97.22329,97.74795,96.70367,97.59343
2023-01-17T20:00:00+00:00,97.59343,98.69506,96.78536,97.96910
2023-01-17T21:00:00+00:00,97.96910,98.77664,97.44781,97.71600
2023-01-17T22:00:00+00:00,97.71600,98.52147,96.96143,97.91218
2023-01-17T23:00:00+00:00,97.91218,98.83084,97.69845,98.17042
2023-01-18T00:00:00+00:00,98.17042,99.00573,97.41266,98.25240
2023-01-18T01:00:00+00:00,98.25240,98.72053,96.77832,97.68479
2023-01-18T02:00:00+00:00,97.68479,98.31319,96.20192,97.04724
2023-01-18T03:00:00+00:00,97.04724,97.67402,96.58837,96.77555
2023-01-18T04:00:00+00:00,96.77555,97.57940,96.47463,97.25100
2023-01-18T05:00:00+00:00,97.25100,97.57032,96.73365,97.46958
2023-01-18T06:00:00+00:00,97.46958,97.57099,96.45437,97.27156
2023-01-18T07:00:00+00:00,97.27156,97.88711,96.42429,97.76696
2023-01-18T08:00:00+00:00,97.76696,98.70396,97.28832,98.18192
2023-01-18T09:00:00+00:00,98.18192,98.74803,96.86338,97.64673
2023-01-18T10:00:00+00:00,97.64673,98.87371,96.99324,98.07020
2023-01-18T11:00:00+00:00,98.07020,98.41879,97.25351,97.74404
2023-01-18T12:00:00+00:00,97.74404,97.99107,96.86026,97.84594
2023-01-18T13:00:00+00:00,97.84594,98.35665,97.13304,97.98796
2023-01-18T14:00:00+00:00,97.98796,98.26757,97.23143,97.68652
2023-01-18T15:00:00+00:00,97.68652,98.14316,97.14401,97.67793
2023-01-18T16:00:00+00:00,97.67793,98.24602,97.24978,97.93386
2023-01-18T17:00:00+00:00,97.93386,98.69648,97.32863,98.33123
2023-01-18T18:00:00+00:00,98.33123,98.61534,98.19378,98.50441
2023-01-18T19:00:00+00:00,98.50441,99.18848,97.50189,97.81484
2023-01-18T20:00:00+00:00,97.81484,98.70596,96.83800,97.69737
2023-01-18T21:00:00+00:00,97.69737,98.05562,96.40744,96.99289
2023-01-18T22:00:00+00:00,96.99289,98.21952,96.30079,97.27661
2023-01-18T23:00:00+00:00,97.27661,98.03926,96.67808,97.62692
2023-01-19T00:00:00+00:00,97.62692,98.41537,96.84388,98.01562
2023-01-19T01:00:00+00:00,98.01562,98.82182,97.18353,97.85541
2023-01-19T02:00:00+00:00,97.85541,98.92581,97.31714,98.23703
2023-01-19T03:00:00+00:00,98.23703,98.88905,97.08818,97.52924
2023-01-19T04:00:00+00:00,97.52924,97.74502,96.98370,97.23016
2023-01-19T05:00:00+00:00,97.23016,98.50957,96.73239,97.58226
2023-01-19T06:00:00+00:00,97.58226,97.74162,96.75066,97.62125
2023-01-19T07:00:00+00:00,97.62125,98.02691,96.85752,97.88392
2023-01-19T08:00:00+00:00,97.88392,98.48586,97.52182,98.40137
2023-01-19T09:00:00+00:00,98.40137,99.16692,97.35312,97.52330
2023-01-19T10:00:00+00:00,97.52330,98.34228,96.55439,97.31593
2023-01-19T11:00:00+00:00,97.31593,98.31671,97.11423,97.51843
2023-01-19T12:00:00+00:00,97.51843,98.19379,96.78729,97.05483
2023-01-19T13:00:00+00:00,97.05483,97.70435,96.74359,97.24536
2023-01-19T14:00:00+00:00,97.24536,97.78732,96.90598,97.24048
2023-01-19T15:00:00+00:00,97.24048,98.03609,96.23046,96.70972
2023-01-19T16:00:00+00:00,96.70972,97.86651,95.75692,96.94574
2023-01-19T17:00:00+00:00,96.94574,97.41942,96.23961,96.54632
2023-01-19T18:00:00+00:00,96.54632,97.48085,95.31680,96.11072
2023-01-19T19:00:00+00:00,96.11072,97.29131,95.93630,96.50844
2023-01-19T20:00:00+00:00,96.50844,97.35811,95.95175,96.50842
2023-01-19T21:00:00+00:00,96.50842,97.34263,95.68463,97.19930
2023-01-19T22:00:00+00:00,97.19930,98.19076,96.89880,97.43567
2023-01-19T23:00:00+00:00,97.43567,98.32237,96.93001,97.11451
2023-01-20T00:00:00+00:00,97.11451,97.36792,95.56971,96.02928
2023-01-20T01:00:00+00:00,96.02928,96.84262,95.95693,96.47399
2023-01-20T02:00:00+00:00,96.47399,97.27779,95.51427,97.01199
2023-01-20T03:00:00+00:00,97.01199,97.59489,96.93751,97.20009
2023-01-20T04:00:00+00:00,97.20009,98.69723,96.42073,98.04283
2023-01-20T05:00:00+00:00,98.04283,98.22002,97.33326,97.64821
2023-01-20T06:00:00+00:00,97.64821,98.18847,96.94489,98.01023
2023-01-20T07:00:00+00:00,98.01023,98.47693,97.29339,97.34692
2023-01-20T08:00:00+00:00,97.34692,98.49937,96.79071,97.67575
2023-01-20T09:00:00+00:00,97.67575,98.58004,97.13719,97.85506
2023-01-20T10:00:00+00:00,97.85506,98.49385,97.76174,98.16393
2023-01-20T11:00:00+00:00,98.16393,98.86593,97.37449,98.42417
2023-01-20T12:00:00+00:00,98.42417,99.31972,97.58845,98.19421
2023-01-20T13:00:00+00:00,98.19421,98.32204,97.66435,98.25757
2023-01-20T14:00:00+00:00,98.25757,98.72129,97.63455,98.27142
2023-01-20T15:00:00+00:00,98.27142,98.81912,97.83339,98.54464
2023-01-20T16:00:00+00:00,98.54464,99.50636,98.32530,98.43781
2023-01-20T17:00:00+00:00,98.43781,98.97898,97.73629,98.25899
2023-01-20T18:00:00+00:00,98.25899,99.29800,97.77101,98.88177
2023-01-20T19:00:00+00:00,98.88177,99.52835,97.86519,98.83574
2023-01-20T20:00:00+00:00,98.83574,99.62553,98.46053,98.83369
2023-01-20T21:00:00+00:00,98.83369,99.66136,98.19439,98.92310
2023-01-20T22:00:00+00:00,98.92310,99.39405,98.83197,99.03170
2023-01-20T23:00:00+00:00,99.03170,99.59490,97.42357,98.23186
2023-01-21T00:00:00+00:00,98.23186,99.10357,97.53380,98.61896
2023-01-21T01:00:00+00:00,98.61896,100.02889,97.80938,99.38275
2023-01-21T02:00:00+00:00,99.38275,100.66151,99.05601,100.17586
2023-01-21T03:00:00+00:00,100.17586,100.60263,99.93595,100.51054
2023-01-21T04:00:00+00:00,100.51054,102.18838,99.51582,101.63992
2023-01-21T05:00:00+00:00,101.63992,102.52468,101.34450,101.94778
2023-01-21T06:00:00+00:00,101.94778,102.35137,101.14055,101.95464
2023-01-21T07:00:00+00:00,101.95464,102.84420,101.25145,101.62270
2023-01-21T08:00:00+00:00,101.62270,102.88067,100.85429,101.96804
2023-01-21T09:00:00+00:00,101.96804,103.23299,101.54252,102.31228
2023-01-21T10:00:00+00:00,102.31228,103.44097,101.36272,102.90315
2023-01-21T11:00:00+00:00,102.90315,103.46224,101.97030,102.80414
2023-01-21T12:00:00+00:00,102.80414,103.44392,101.91994,102.77422
2023-01-21T13:00:00+00:00,102.77422,103.35819,102.20373,102.56800
2023-01-21T14:00:00+00:00,102.56800,103.58099,101.92953,103.22880
2023-01-21T15:00:00+00:00,103.22880,104.06595,102.50075,103.59479
2023-01-21T16:00:00+00:00,103.59479,104.50283,103.10560,103.50402
2023-01-21T17:00:00+00:00,103.50402,104.66077,103.18230,103.62633
2023-01-21T18:00:00+00:00,103.62633,105.00316,102.94691,104.87595
2023-01-21T19:00:00+00:00,104.87595,105.29037,103.86711,104.71641
